"","model_name","MSE_GDP","MAE_GDP","pred_GDP","MSE_Auto","MAE_Auto","pred_Auto","MSE_GPD"
"1","Base Model - MSE, ND",0,23572839147.281,1605698673422.1,180364581.673805,8805.25185327321,133236.056041698,8.87558145436629e+20
"2","Deep Model - MAE, ND",0,8371133703.18028,1467565718478.27,552031109.406026,18416.9501408958,193062.401133976,1.19642969029139e+20
"3","Base Model - MAE, ND",0,9575968838.12192,1472074304994.14,1359233606.81868,34036.2380357062,144382.839324015,1.49548262543418e+20
"4","Wide Model - MAE, ND",0,9376595322.0055,1492935099626.42,1906741616.69863,37101.6581415299,184938.574093847,1.28378521931121e+20
"5","Deep Model - MSE, ND",0,8604782839.90051,1520768037728.53,6586422746.06565,75008.8194148437,204415.541955583,1.36044862853353e+20
"6","Wide Model - MSE, ND",0,9019831786.37089,1529228201238.06,7446810675.59821,85089.3238478037,63637.7492209731,1.21105829260098e+20
