"dataset","mean_coef","sd_coef"
"GDP",380856938022.757,1481250723895.31
"auto",2132744.38530735,3950182.60507966
