Austria,Belgium,Brazil,China,Colombia,Ecuador,"Egypt, Arab Rep.",Finland,France,India,Indonesia,"Iran, Islamic Rep.",Italy,Japan,"Korea, Rep.",Malaysia,Mexico,Pakistan,Philippines,Portugal,South Africa,Spain,Sweden,Thailand,Turkiye,United Kingdom,United States
1.959620042550648,1.0828675584172702,-0.10009224743165687,-0.020869119516136833,-0.5587413243413248,0.6192703066543417,-0.04412969514357165,0.25854413003505483,-0.25770870595501905,0.18556506354852453,0.20302991682446483,0.19696301207172776,-0.06443862071945763,-0.019799650987718482,0.3305509632151144,-2.5579351223573426,-0.07659026081594243,0.7558437474451581,0.7679191350543795,0.9825379527123805,1.8651846750344663,-0.5546471443467528,-0.3114369034057716,0.05038476544193918,-0.14471641828191845,0.0774984753328748,0.03673556394015388
