Austria,Belgium,Brazil,China,Colombia,Ecuador,"Egypt, Arab Rep.",Finland,France,India,Indonesia,"Iran, Islamic Rep.",Italy,Japan,"Korea, Rep.",Malaysia,Mexico,Pakistan,Philippines,Portugal,South Africa,Spain,Sweden,Thailand,Turkiye,United Kingdom,United States
0.9634976841546941,1.1833869807193882,-0.11000145567518807,-0.0067624142520014505,0.10788033990781441,0.9693366253254383,0.4718247735438112,0.6413480089846426,-0.05901526212430672,0.09850214387724103,-0.08267548610297283,0.22763565885077508,-0.0378726423186013,-0.02514071054759879,0.15864967004284505,-1.0292820520143102,-0.08168385011649397,0.8437316298783885,0.33681495279023155,0.37341790301849553,1.2628748995640873,-0.5250813703917611,-0.4181814631146956,0.14001259411254763,-0.2218179666340562,0.13318120862051375,0.021414651062488767
