Argentina,Austria,Belgium,Brazil,China,Colombia,Ecuador,"Egypt, Arab Rep.",Finland,France,India,Indonesia,"Iran, Islamic Rep.",Italy,Japan,"Korea, Rep.",Malaysia,Mexico,Pakistan,Philippines,Portugal,South Africa,Spain,Sweden,Thailand,Turkiye,United Kingdom
0.020416453190070207,0.011066359036107693,0.01114145101456611,0.059147009953655454,0.03229126564433213,0.0031042827404536002,0.0021771189237502334,0.008051266820048015,0.011052373500895869,0.060880240721729685,0.009616460139299638,-0.000790759479520904,0.01855774675437983,0.03735569148704872,0.02611376463730027,0.07236511501422528,0.0067286808082528075,0.02547776336913961,0.003974422426900372,-0.0022868460512541922,0.006757536190292422,0.011653722140023004,0.05344539741303541,0.01124368606929935,0.011908592320810174,-0.0022884386021309075,0.08628125047896872
