Argentina,Austria,Belgium,Brazil,Canada,China,Colombia,Ecuador,"Egypt, Arab Rep.",Finland,France,Germany,Hungary,Indonesia,India,"Iran, Islamic Rep.",Italy,Japan,Malaysia,Mexico,Morocco,Pakistan,Philippines,Poland,Portugal,Romania,Russian Federation,Serbia,Slovenia,Slovak Republic,South Africa,"Korea, Rep.",Spain,Turkiye,Sweden,Thailand,United Kingdom,United States,Ukraine,Uzbekistan
0.067263551,0.331301551,0.079969973,-0.175910639,0.897035317,0.01226006,0.027796033,0.088175833,0.068180282,-0.073228917,-0.551861102,-0.201907646,-0.003147695,-0.052634933,0.114004809,0.033557866,0.090146287,-0.031920821,-0.215456447,0.10131734,0.100018141,-0.114394277,-0.031427506,0.338359169,0.075424982,0.037251639,0.249100605,-0.174738975,-0.008537545,-0.204509796,-0.018584036,0.025515652,-0.018480767,6.21E-05,0.071213549,-0.112226938,0.261837098,0.017228789,-0.081578929,0.011573631
